<?xml version="1.0" encoding="utf-8" standalone="yes"?>
<channel>
	<id>cineasiaenlinea</id>
	<name>CineAsiaEnLinea</name>

	<active>true</active>
	<adult>false</adult>
	<language>es</language>

	<fanart></fanart>
	<thumbnail>http://i.imgur.com/5KOU8uy.png?3</thumbnail>
	<bannermenu>http://i.imgur.com/k72CZD7.png?1</bannermenu>

	<update_url>https://raw.githubusercontent.com/tvalacarta/pelisalacarta/master/python/main-classic/channels/</update_url>
	<version>2</version>

	<changes>
		<change>
			<date>07/02/17</date>
			<autor>super_berny</autor>
			<description>Fix bug in newest</description>
		</change>
		<change>
			<date>09/01/2017</date>
			<autor>Cmos</autor>
			<description>Primera version</description>
		</change>
	</changes>

	<categories>
		<category>movie</category>
		<category>vos</category>
	</categories>

	<settings>
		<id>include_in_global_search</id>
		<type>bool</type>
		<label>Incluir en búsqueda global</label>
		<default>true</default>
		<enabled>true</enabled>
		<visible>true</visible>
	</settings>
	<settings>
		<id>include_in_newest_peliculas</id>
		<type>bool</type>
		<label>Incluir en Novedades - Películas</label>
		<default>true</default>
		<enabled>true</enabled>
		<visible>true</visible>
	</settings>
	<settings>
		<id>perfil</id>
		<type>list</type>
		<label>Perfil de color</label>
		<default>3</default>
		<enabled>true</enabled>
		<visible>true</visible>
		<lvalues>Sin color</lvalues>
		<lvalues>Perfil 3</lvalues>
		<lvalues>Perfil 2</lvalues>
		<lvalues>Perfil 1</lvalues>
	</settings>
</channel>
