<?xml version="1.0" encoding="utf-8" standalone="yes"?>
<channel>
	<id>verpeliculasnuevas</id>
	<name>VerPeliculasNuevas</name>

	<active>true</active>
	<adult>false</adult>
	<language>es</language>

	<fanart></fanart>
	<thumbnail>https://s27.postimg.org/atgs5erab/verpeliculasnuevas.png</thumbnail>
	<bannermenu>https://s23.postimg.org/4uyyz6w4b/verpeliculasnuevas_banner.png</bannermenu>
	
	<update_url></update_url>
	<version>1</version>
	<date>06/01/2017</date>
	<changes>Release</changes>


	<categories>
		<category>latino</category>
		<category>movie</category>
	</categories>

	<settings>
		<id>include_in_global_search</id>
		<type>bool</type>
		<label>Incluir en busqueda global</label>
		<default>false</default>
		<enabled>false</enabled>
		<visible>false</visible>
	</settings>
</channel>
