<?xml version="1.0" encoding="UTF-8" standalone="yes"?>
<addon id="plugin.program.bkodi16" name="Build Litus" version="1.0" provider-name="Litus">
  <requires>
    <import addon="xbmc.python" version="2.1.0"/>
  </requires>
  <extension point="xbmc.python.pluginsource" library="default.py">
        <provides>executable</provides>
  </extension>
  <extension point="xbmc.addon.metadata">
		<summary lang="en">Build Litus</summary>
		<description lang="en">Build per Kodi 16</description>
		<disclaimer lang="en"></disclaimer>
		<platform>all</platform>
	</extension>
</addon>
